{
  "LR (default)": {
    "threshold_scheme": "threshold_0.5",
    "roc_auc_unweighted": 0.8540606826226002,
    "pr_auc_unweighted": 0.7785085911114338,
    "accuracy_unweighted": 0.7939675174013922,
    "precision_unweighted": 0.7424960505529226,
    "recall_unweighted": 0.625832223701731,
    "f1_unweighted": 0.6791907514450867,
    "balanced_acc_unweighted": 0.7548676788024324,
    "brier_unweighted": 0.14329532481890092,
    "ece_unweighted": 0.016759691247631447,
    "roc_auc_weighted": 0.8566416411702085,
    "pr_auc_weighted": 0.795187129574905,
    "accuracy_weighted": 0.7848684023002134,
    "precision_weighted": 0.7589315424980443,
    "recall_weighted": 0.5999261108378185,
    "f1_weighted": 0.6701258922379019,
    "balanced_acc_weighted": 0.7453753003818095,
    "brier_weighted": 0.1449075444017273,
    "ece_weighted": 0.03118187756981765,
    "threshold": 0.5,
    "n_test": 2155
  },
  "LR (balanced)": {
    "threshold_scheme": "threshold_0.5",
    "roc_auc_unweighted": 0.8535219896737872,
    "pr_auc_unweighted": 0.7776388217321524,
    "accuracy_unweighted": 0.785614849187935,
    "precision_unweighted": 0.6674391657010429,
    "recall_unweighted": 0.7669773635153129,
    "f1_unweighted": 0.7137546468401487,
    "balanced_acc_unweighted": 0.7812807045496792,
    "brier_unweighted": 0.1525895263221523,
    "ece_unweighted": 0.08263273151160887,
    "roc_auc_weighted": 0.8564169841030407,
    "pr_auc_weighted": 0.7943829855114529,
    "accuracy_weighted": 0.7913275748174808,
    "precision_weighted": 0.6945908142742631,
    "recall_weighted": 0.7622616863076349,
    "f1_weighted": 0.7268545925836903,
    "balanced_acc_weighted": 0.7851207624751468,
    "brier_weighted": 0.14925647636888448,
    "ece_weighted": 0.06818532108630852,
    "threshold": 0.5,
    "n_test": 2155
  },
  "GBM": {
    "threshold_scheme": "threshold_0.5",
    "roc_auc_unweighted": 0.859037901980645,
    "pr_auc_unweighted": 0.7749344752770372,
    "accuracy_unweighted": 0.7930394431554524,
    "precision_unweighted": 0.7357032457496137,
    "recall_unweighted": 0.6338215712383488,
    "f1_unweighted": 0.6809728183118741,
    "balanced_acc_unweighted": 0.7560133497217385,
    "brier_unweighted": 0.14274895268684318,
    "ece_unweighted": 0.02484608129881445,
    "roc_auc_weighted": 0.8669380293932849,
    "pr_auc_weighted": 0.799915891392243,
    "accuracy_weighted": 0.7981187359777705,
    "precision_weighted": 0.7760338656790097,
    "recall_weighted": 0.6265742947478261,
    "f1_weighted": 0.6933409997276551,
    "balanced_acc_weighted": 0.7614866490307597,
    "brier_weighted": 0.1420137781242973,
    "ece_weighted": 0.0386581647113221,
    "threshold": 0.5,
    "n_test": 2155
  },
  "GBM (calibrated)": {
    "threshold_scheme": "threshold_0.5",
    "roc_auc_unweighted": 0.8515744439512748,
    "pr_auc_unweighted": 0.7494590718505857,
    "accuracy_unweighted": 0.7870069605568445,
    "precision_unweighted": 0.728125,
    "recall_unweighted": 0.6205059920106525,
    "f1_unweighted": 0.6700215672178289,
    "balanced_acc_unweighted": 0.7482871840395142,
    "brier_unweighted": 0.1464771319426846,
    "ece_unweighted": 0.020827910569497916,
    "roc_auc_weighted": 0.8667656100210853,
    "pr_auc_weighted": 0.7770114176271751,
    "accuracy_weighted": 0.7913479925910727,
    "precision_weighted": 0.7758432803399749,
    "recall_weighted": 0.6007115500032195,
    "f1_weighted": 0.6771368771070513,
    "balanced_acc_weighted": 0.7506389454772332,
    "brier_weighted": 0.14364853485165777,
    "ece_weighted": 0.04325881317520519,
    "threshold": 0.5,
    "n_test": 2155
  }
}