item,readable_name,factor_1,abs_loading_f1
AIWRKH3_b_W119,ai_vs_human_treat_same,-0.5851712702336485,0.5851712702336485
HIREBIAS2_W119,ai_bias_hiring_change,-0.5721173167821543,0.5721173167821543
AIWRKH2_a_W119,favor_ai_review_apps,-0.5434164369495098,0.5434164369495098
AIWRKH3_a_W119,ai_vs_human_identify_qualified,-0.4711821091721763,0.4711821091721763
AIWRKH3_c_W119,ai_vs_human_see_potential,-0.44389119616929773,0.44389119616929773
AIWRKH3_d_W119,ai_vs_human_coworker_fit,-0.3565828835243124,0.3565828835243124
AIWRKH2_b_W119,favor_ai_final_decision,-0.35226680622746204,0.35226680622746204
